obs,id,like,comment,share,engagement,log_engage,length,question,valence,hashtag,picture,url,at_mention,emoji
1,132870,16,38,4,58,4.07753744390572,37,0,3.9483,0,2,2,0,0
2,132871,18,56,5,79,4.382026634673881,32,0,3.010333333333334,0,2,2,0,0
3,132872,33,240,13,286,5.659482215759621,13,1,0.0,0,1,1,0,2
4,132873,5,20,4,29,3.4011973816621555,21,0,-1.4643,0,0,1,0,0
5,132874,7,18,3,28,3.367295829986474,33,0,0.0,0,1,2,0,0
6,132875,22,43,6,71,4.276666119016055,19,1,3.9483,0,1,1,0,1
7,132876,7,17,5,29,3.4011973816621555,31,0,0.7000000000000002,0,2,2,0,0
8,132877,8,16,4,28,3.367295829986474,25,0,3.423,0,1,2,0,1
9,132878,15,22,4,41,3.7376696182833684,23,0,0.0,0,1,1,0,1
10,132879,8,22,4,34,3.5553480614894135,27,0,0.0,2,0,2,0,0
11,132880,18,28,5,51,3.9512437185814275,38,0,3.1207,0,1,2,0,1
12,132881,19,29,3,51,3.9512437185814275,7,0,0.0,0,0,1,0,0
13,132882,8,13,3,24,3.2188758248682006,21,0,2.42,0,1,1,0,1
14,132883,8,21,4,33,3.5263605246161616,29,0,2.9643,0,1,1,0,1
15,132884,11,39,3,53,3.9889840465642745,22,1,2.38,2,1,1,2,1
16,132885,3,8,3,14,2.70805020110221,29,0,2.9643,0,1,1,0,1
17,132886,5,20,2,27,3.332204510175204,12,0,0.0,0,0,2,0,0
18,132887,2,13,2,17,2.8903717578961645,6,1,0.0,0,0,0,0,0
19,132888,5,12,2,19,2.995732273553991,31,0,3.9483,0,2,2,0,1
20,132889,0,1,1,2,1.0986122886681098,42,0,3.0374,0,2,2,0,3
21,132890,7,28,2,37,3.6375861597263857,39,1,2.9027,1,0,0,2,3
22,132891,6,9,2,17,2.8903717578961645,35,1,0.0,0,2,2,0,1
23,132892,5,10,2,17,2.8903717578961645,39,0,3.20415,0,1,2,0,0
24,132893,1,2,1,4,1.6094379124341003,15,0,0.0,0,1,1,0,2
25,132894,9,19,2,30,3.4339872044851463,39,0,3.4677,1,1,1,0,3
26,132895,3,6,2,11,2.4849066497880004,15,1,3.9483,0,0,1,0,1
27,132896,7,7,4,18,2.9444389791664403,31,0,0.0,0,1,2,0,3
28,132897,0,1,1,2,1.0986122886681098,38,0,0.7000000000000002,0,1,2,0,1
29,132898,16,19,3,38,3.6635616461296463,30,0,3.9063,1,0,0,0,3
30,132899,8,7,2,17,2.8903717578961645,29,0,2.38,0,1,2,0,1
31,132900,10,10,3,23,3.1780538303479458,35,0,0.0,0,1,2,0,1
32,132901,12,18,3,33,3.5263605246161616,36,0,0.0,0,1,1,0,5
33,132902,6,4,2,12,2.5649493574615367,31,0,1.0527,0,1,2,0,0
34,132903,10,6,2,18,2.9444389791664403,31,1,3.9483,1,1,1,0,0
35,132905,11,7,1,19,2.995732273553991,11,0,0.0,0,0,2,0,0
36,132906,4,5,2,11,2.4849066497880004,20,0,0.0,0,1,2,0,0
37,132907,6,5,3,14,2.70805020110221,12,0,0.0,0,1,1,0,0
38,132908,3,2,2,7,2.0794415416798357,15,0,0.0,0,1,1,0,0
39,132909,11,20,3,34,3.5553480614894135,24,0,1.62,0,1,1,1,1
40,132910,12,19,2,33,3.5263605246161616,32,0,2.554166666666667,0,1,2,2,4
41,132911,10,25,2,37,3.6375861597263857,9,0,0.0,0,0,1,0,0
42,132912,4,8,0,12,2.5649493574615367,12,1,0.0,0,0,1,0,1
43,132913,15,22,4,41,3.7376696182833684,28,1,0.0,1,2,2,0,1
44,132914,14,16,2,32,3.4965075614664802,5,0,0.0,0,0,1,0,0
45,132915,5,7,1,13,2.6390573296152584,40,0,0.8631499999999999,0,1,2,0,1
46,132916,3,1,2,6,1.9459101490553132,15,0,0.0,1,1,2,0,1
47,132917,7,15,1,23,3.1780538303479458,23,1,-3.26,1,0,0,0,2
48,132918,10,7,2,19,2.995732273553991,36,0,2.7903,0,0,1,0,0
49,132919,9,5,2,16,2.833213344056216,30,1,0.0,0,0,1,0,0
50,132920,6,2,2,10,2.3978952727983707,38,1,0.0,0,0,0,0,0
51,132921,332,25,20,377,5.934894195619588,26,1,0.0,0,0,0,2,2
52,132922,23,27,4,54,4.007333185232471,7,1,0.0,1,0,1,0,0
53,132923,7,8,0,15,2.772588722239781,23,0,0.0,1,4,1,2,4
54,132924,6,9,1,16,2.833213344056216,25,0,0.0,0,2,2,0,1
55,132925,5,9,2,16,2.833213344056216,24,0,-0.2166499999999996,0,0,1,0,1
56,132926,2,2,1,5,1.791759469228055,10,0,3.02,0,0,0,0,1
57,132927,2,2,1,5,1.791759469228055,13,0,3.02,1,0,0,0,1
58,132928,15,15,3,33,3.5263605246161616,20,0,3.9063,1,1,1,0,1
59,132929,5,6,0,11,2.4849066497880004,6,1,0.0,0,0,0,0,0
60,132930,16,6,3,25,3.258096538021482,24,0,0.0,0,1,2,0,0
61,132931,4,3,1,8,2.1972245773362196,39,0,3.80585,0,2,2,0,0
62,132932,638,19,17,674,6.51471269087253,31,1,2.755433333333334,1,0,0,2,3
63,132933,8,10,1,19,2.995732273553991,31,0,0.3933500000000003,0,1,2,0,3
64,132934,8,7,2,17,2.8903717578961645,29,0,3.9483,1,1,2,0,0
65,132935,2,2,1,5,1.791759469228055,32,0,3.37275,1,1,2,0,0
66,132936,4,11,2,17,2.8903717578961645,21,0,3.5067,1,0,0,0,4
67,132937,42,16,12,70,4.2626798770413155,7,0,0.0,1,0,2,0,0
68,132938,10,5,2,17,2.8903717578961645,33,0,2.56905,1,1,2,2,3
69,132939,11,18,4,33,3.5263605246161616,8,0,0.0,0,0,1,0,0
70,132940,6,2,2,10,2.3978952727983707,19,1,3.1452,0,1,2,0,0
71,132941,6,5,3,14,2.70805020110221,14,0,2.54,0,1,1,0,0
72,132942,3,3,2,8,2.1972245773362196,13,0,0.0,0,1,1,0,1
73,132943,2,2,1,5,1.791759469228055,26,1,3.566700000000001,0,1,1,0,2
74,132944,12,20,2,34,3.5553480614894135,11,1,0.0,0,1,1,0,3
75,132945,6,9,3,18,2.9444389791664403,35,1,3.34,0,1,2,0,0
76,132946,12,12,3,27,3.332204510175204,8,0,0.0,0,0,1,0,0
77,132947,12,4,2,18,2.9444389791664403,36,0,2.7581,0,2,2,0,2
78,132948,11,7,2,20,3.044522437723423,42,1,0.0,0,0,1,0,2
79,132949,21,22,5,48,3.8918202981106265,36,0,3.168333333333333,0,1,1,0,2
80,132950,9,9,3,21,3.091042453358316,18,0,3.1452,0,1,2,0,1
81,132951,2,2,1,5,1.791759469228055,25,0,2.38,0,1,2,0,0
82,132952,4,4,1,9,2.302585092994046,37,0,2.9598,0,1,2,0,0
83,132953,13,16,2,31,3.4657359027997265,35,0,3.3124,1,1,1,0,2
84,132954,3,6,2,11,2.4849066497880004,6,1,3.20485,0,0,0,0,0
85,132955,5,4,1,10,2.3978952727983707,30,0,3.677275,0,1,2,0,2
86,132956,11,14,3,28,3.367295829986474,29,0,0.0,2,1,1,1,2
87,132957,3,1,1,5,1.791759469228055,3,0,0.0,0,0,0,0,0
88,132958,3,8,0,11,2.4849066497880004,3,0,0.0,0,0,0,0,0
89,132959,1,1,0,2,1.0986122886681098,3,0,0.0,0,0,0,0,0
90,132960,0,1,0,1,0.6931471805599453,3,0,0.0,0,0,0,0,0
91,132961,10,16,4,30,3.4339872044851463,14,0,-2.78,0,0,1,0,1
92,132962,9,15,3,27,3.332204510175204,7,0,0.0,1,0,1,0,0
93,132963,7,24,1,32,3.4965075614664802,1,0,0.0,0,0,1,0,0
94,132964,1,2,1,4,1.6094379124341003,5,1,0.0,0,0,0,0,0
95,132965,2,2,1,5,1.791759469228055,4,1,0.0,0,0,0,0,0
96,132966,1,1,1,3,1.3862943611198906,5,1,0.0,0,0,0,0,0
97,132967,1,1,0,2,1.0986122886681098,7,1,0.0,0,0,0,0,0
98,132968,13,22,4,39,3.6888794541139363,33,1,3.91905,0,1,2,0,2
99,132969,13,19,1,33,3.5263605246161616,9,0,0.0,0,1,2,0,0
100,132970,7,1,1,9,2.302585092994046,1,0,0.0,0,1,2,0,0
101,132971,11,3,1,15,2.772588722239781,1,0,0.0,0,1,2,0,0
102,132972,5,1,1,7,2.0794415416798357,5,0,0.0,0,1,2,0,0
103,132973,5,16,1,22,3.1354942159291497,10,0,3.7575,0,0,0,0,13
104,132974,4,6,1,11,2.4849066497880004,10,0,-3.1154,0,0,0,0,0
105,132975,4,1,1,6,1.9459101490553132,12,0,0.0,0,1,1,0,1
106,132976,1,1,1,3,1.3862943611198906,13,0,3.4286,0,1,1,0,0
107,132977,4,17,1,22,3.1354942159291497,16,0,0.0,3,0,0,0,0
108,132978,20,15,3,38,3.6635616461296463,9,0,0.0,0,0,1,0,0
109,132979,26,26,5,57,4.060443010546419,30,0,0.0,0,0,1,0,0
110,132980,3,5,0,8,2.1972245773362196,15,0,2.06,1,0,1,0,0
111,132981,7,11,1,19,2.995732273553991,30,1,3.26,0,1,2,0,1
112,132982,4,17,1,22,3.1354942159291497,11,0,0.0,0,0,1,0,0
113,132983,0,4,1,5,1.791759469228055,14,1,0.0,0,0,0,0,0
114,132984,9,5,2,16,2.833213344056216,17,0,1.86,0,1,2,0,0
115,132985,7,1,1,9,2.302585092994046,16,0,0.0,0,1,2,0,1
116,132986,11,18,1,30,3.4339872044851463,31,0,3.705399999999999,0,1,1,0,3
117,132987,16,28,4,48,3.8918202981106265,12,0,0.0,0,0,1,0,0
118,132988,12,29,0,41,3.7376696182833684,3,1,0.0,0,4,2,0,0
119,132989,5,29,2,36,3.6109179126442243,8,0,0.0,0,0,1,0,0
120,132990,12,25,1,38,3.6635616461296463,9,0,0.0,0,0,1,0,0
121,132991,8,23,1,32,3.4965075614664802,34,1,-3.26,0,1,2,0,3
122,132992,2,7,0,9,2.302585092994046,14,0,0.0,0,0,1,0,0
123,132993,9,12,1,22,3.1354942159291497,19,0,-1.6613,0,1,2,0,0
124,132994,2,2,1,5,1.791759469228055,23,0,3.362699999999999,0,1,1,0,0
125,132995,3,1,1,5,1.791759469228055,16,0,0.0,0,1,1,0,0
126,132996,3,22,1,26,3.295836866004329,9,0,0.0,1,0,1,0,1
127,132997,16,27,0,43,3.784189633918261,11,0,0.0,0,0,1,0,0
128,132998,5,6,0,11,2.4849066497880004,18,1,0.0,0,0,1,0,0
129,132999,6,14,0,20,3.044522437723423,7,0,2.38,0,1,2,0,0
130,133000,1,2,0,3,1.3862943611198906,11,0,2.06,0,0,1,0,0
131,133001,5,23,1,29,3.4011973816621555,10,0,0.0,3,0,0,0,0
132,133002,12,25,1,38,3.6635616461296463,9,0,0.0,0,0,1,0,0
133,133003,13,16,1,30,3.4339872044851463,13,0,0.0,0,1,2,0,1
134,133004,14,18,3,35,3.58351893845611,11,0,0.0,0,0,1,0,0
135,133005,39,61,7,107,4.68213122712422,0,0,0.0,0,0,0,0,0
136,133006,9,7,2,18,2.9444389791664403,12,0,0.4687999999999999,1,1,2,0,0
137,133007,10,23,1,34,3.5553480614894135,36,0,1.8571,1,1,2,0,0
138,133008,1,1,0,2,1.0986122886681098,8,1,3.705399999999999,1,0,0,0,1
139,133009,8,1,1,10,2.3978952727983707,13,0,2.0101,1,1,1,0,1
140,133010,3,1,1,5,1.791759469228055,16,1,0.0,1,1,1,0,0
141,133011,14,70,3,87,4.477336814478207,14,0,0.0,0,1,1,0,1
142,133012,2,11,0,13,2.6390573296152584,19,1,0.0,3,0,0,0,0
143,133013,10,21,1,32,3.4965075614664802,10,0,0.0,0,0,1,0,0
144,133014,14,16,1,31,3.4657359027997265,31,0,1.35,1,1,2,0,0
145,133015,12,15,3,30,3.4339872044851463,12,0,0.0,0,0,1,0,0
146,133016,7,13,1,21,3.091042453358316,28,0,3.705399999999999,0,1,2,0,1
147,133017,0,4,0,4,1.6094379124341003,4,1,0.0,0,0,0,0,1
148,133018,1,1,0,2,1.0986122886681098,17,0,0.0,0,1,2,0,0
149,133019,2,4,0,6,1.9459101490553132,10,0,2.9643,0,1,2,0,1
150,133020,9,21,2,32,3.4965075614664802,19,1,1.5,0,1,1,0,2
151,133021,7,20,2,29,3.4011973816621555,17,1,2.9643,1,1,2,0,1
152,133023,3,6,1,10,2.3978952727983707,10,1,0.0,0,0,0,0,0
153,133024,6,9,1,16,2.833213344056216,18,0,0.0,0,1,2,0,1
154,133025,12,20,2,34,3.5553480614894135,26,1,3.705399999999999,0,1,2,0,2
155,133026,7,9,1,17,2.8903717578961645,31,1,0.0,0,1,2,0,0
156,133027,3,8,2,13,2.6390573296152584,7,1,0.0,0,0,0,0,0
157,133028,1,2,0,3,1.3862943611198906,21,1,2.46,0,1,1,0,1
158,133029,16,20,2,38,3.6635616461296463,33,1,1.8571,0,1,2,0,2
159,133030,16,50,3,69,4.248495242049359,30,1,0.0,2,1,2,0,1
160,133031,3,15,0,18,2.9444389791664403,6,1,0.0,0,0,0,0,1
161,133032,10,17,1,28,3.367295829986474,21,1,2.9561,0,1,1,0,0
162,133033,2,4,1,7,2.0794415416798357,28,0,0.7000000000000002,0,1,2,0,1
163,133034,0,4,0,4,1.6094379124341003,15,0,2.473333333333333,0,1,2,0,0
164,133035,33,57,3,93,4.543294782270004,25,0,2.38,0,1,1,0,2
165,133036,25,27,1,53,3.9889840465642745,16,1,0.0,0,1,1,0,1
166,133037,1,9,1,11,2.4849066497880004,2,0,0.0,0,0,0,0,0
167,133038,20,10,1,31,3.4657359027997265,17,0,0.0,0,1,1,0,1
168,133039,3,10,1,14,2.70805020110221,2,0,0.0,0,0,0,0,0
169,133040,4,5,1,10,2.3978952727983707,14,1,2.86,0,1,1,0,1
170,133041,1,3,0,4,1.6094379124341003,2,0,0.0,0,0,0,0,0
171,133042,14,20,5,39,3.6888794541139363,26,0,2.729433333333333,0,0,0,0,1
172,133044,18,26,5,49,3.912023005428146,14,0,0.0,0,1,1,0,0
173,133045,28,122,7,157,5.062595033026967,17,0,3.3065,0,1,1,0,0
174,133046,2,3,1,6,1.9459101490553132,9,0,3.2855,0,1,1,0,0
175,133047,2,5,0,7,2.0794415416798357,0,0,0.0,0,1,1,0,0
176,133048,45,227,8,280,5.638354669333745,3,0,0.0,0,1,1,0,3
177,133051,35,35,5,75,4.330733340286331,30,0,0.0,0,1,2,0,2
178,133052,15,30,4,49,3.912023005428146,7,0,0.0,0,0,1,0,0
179,133053,31,38,6,75,4.330733340286331,8,0,0.0,0,0,1,0,0
180,133055,5,7,0,12,2.5649493574615367,4,1,0.0,0,0,0,0,0
181,133056,7,11,1,19,2.995732273553991,17,0,0.0,0,1,2,0,0
182,133057,2,3,1,6,1.9459101490553132,17,0,0.0,0,1,2,0,1
183,133058,22,24,2,48,3.8918202981106265,23,0,2.3333,0,1,1,0,2
184,133059,9,26,2,37,3.6375861597263857,8,0,3.2855,0,0,1,0,1
185,133060,15,34,3,52,3.970291913552122,8,1,0.0,0,0,1,0,0
186,133061,9,19,2,30,3.4339872044851463,7,0,0.0,0,0,1,0,1
187,133063,3,8,0,11,2.4849066497880004,3,0,0.0,0,0,0,0,0
188,133064,7,11,1,19,2.995732273553991,8,1,0.0,0,1,1,0,0
189,133065,3,2,2,7,2.0794415416798357,14,1,0.0,0,1,1,0,1
190,133066,5,2,1,8,2.1972245773362196,15,0,0.0,0,1,1,0,1
191,133067,4,3,1,8,2.1972245773362196,17,0,3.3214,0,1,1,0,1
192,133068,12,28,3,43,3.784189633918261,19,0,0.0,0,1,2,0,3
193,133069,1,7,0,8,2.1972245773362196,9,1,0.0,0,0,0,0,1
194,133070,8,9,2,19,2.995732273553991,21,0,2.9643,0,1,1,0,0
195,133071,4,4,1,9,2.302585092994046,14,0,3.26,0,1,2,0,0
196,133072,2,3,1,6,1.9459101490553132,19,0,0.0,1,1,2,0,1
197,133073,15,16,1,32,3.4965075614664802,11,0,0.0,0,1,1,0,2
198,133074,11,17,2,30,3.4339872044851463,4,0,0.0,0,0,1,0,1
199,133075,16,20,2,38,3.6635616461296463,10,0,0.0,0,0,1,0,0
200,133077,68,23,21,112,4.727387818712341,3,0,0.0,1,1,2,0,1
201,133080,4,6,0,10,2.3978952727983707,25,1,2.942766666666666,0,1,1,0,1
202,133081,4,11,0,15,2.772588722239781,18,1,2.4048,0,1,1,0,1
203,133082,4,2,1,7,2.0794415416798357,27,0,2.5,0,1,1,0,1
204,133083,1,2,0,3,1.3862943611198906,30,0,3.0,0,1,2,0,1
205,133084,14,11,0,25,3.258096538021482,23,0,0.0,0,1,1,0,3
206,133085,0,1,0,1,0.6931471805599453,19,0,0.0,0,0,1,0,0
207,133086,1,4,0,5,1.791759469228055,6,0,0.0,0,0,0,0,0
208,133087,0,3,1,4,1.6094379124341003,32,0,1.6,0,0,1,0,0
209,133088,1,3,0,4,1.6094379124341003,45,0,3.3929,0,0,0,0,0
210,133089,0,6,0,6,1.9459101490553132,41,0,0.0,0,0,1,0,0
211,133090,2,1,0,3,1.3862943611198906,24,0,3.2855,0,0,0,0,0
212,133091,0,0,0,0,0.0,41,0,0.0,0,0,1,0,0
213,133092,1,1,0,2,1.0986122886681098,29,0,0.2142999999999999,0,0,0,0,0
214,133093,0,5,0,5,1.791759469228055,20,0,0.0,0,0,2,0,0
215,133094,0,2,0,2,1.0986122886681098,41,0,1.6,0,0,0,0,0
216,133095,0,0,0,0,0.0,26,0,1.6,0,0,1,0,0
217,133096,2,0,0,2,1.0986122886681098,33,0,0.5357000000000003,0,0,0,0,0
218,133097,0,1,1,2,1.0986122886681098,14,0,0.0,0,0,1,0,0
219,133098,0,1,0,1,0.6931471805599453,13,0,0.0,0,0,0,0,0
220,133099,0,1,0,1,0.6931471805599453,8,1,0.0,0,0,0,0,0
221,133100,0,1,0,1,0.6931471805599453,17,0,0.0,0,0,0,0,0
222,133101,0,0,0,0,0.0,40,0,3.2188,0,0,0,0,0
223,133102,0,1,0,1,0.6931471805599453,16,0,0.0,0,0,1,0,0
224,133103,0,3,0,3,1.3862943611198906,28,0,0.0,0,0,1,0,0
225,133104,0,2,0,2,1.0986122886681098,17,0,0.0,0,0,1,0,0
226,133105,0,1,0,1,0.6931471805599453,25,0,0.7000000000000002,0,0,2,0,0
227,133106,0,0,0,0,0.0,26,1,0.0,0,0,1,0,0
228,133107,1,0,0,1,0.6931471805599453,6,0,0.0,0,0,1,0,0
229,133108,1,1,0,2,1.0986122886681098,17,0,0.0,0,0,0,0,0
230,133109,0,1,0,1,0.6931471805599453,15,0,0.0,0,0,1,0,0
231,133110,0,2,0,2,1.0986122886681098,13,0,0.0,0,0,0,0,0
232,133111,0,2,0,2,1.0986122886681098,41,0,1.6,0,0,1,0,0
233,133112,1,2,0,3,1.3862943611198906,38,0,0.0,0,0,0,0,0
234,133113,1,1,0,2,1.0986122886681098,36,0,0.0,0,0,0,0,0
235,133114,0,0,0,0,0.0,38,0,2.5,0,0,1,0,0
236,133115,0,1,0,1,0.6931471805599453,36,0,1.66,0,0,2,0,0
237,133116,1,0,0,1,0.6931471805599453,53,0,2.52645,0,0,1,0,0
238,133118,0,0,0,0,0.0,18,0,0.0,0,0,1,0,0
239,133119,0,2,0,2,1.0986122886681098,23,0,0.0,0,0,0,0,0
240,133120,0,1,0,1,0.6931471805599453,11,0,0.0,0,0,1,0,0
241,133121,0,0,0,0,0.0,18,0,0.0,0,0,0,0,0
242,133122,0,0,0,0,0.0,35,0,0.0,0,0,1,0,0
243,133123,0,2,0,2,1.0986122886681098,9,0,0.0,0,0,1,0,0
244,133124,1,0,0,1,0.6931471805599453,26,0,1.6,0,0,1,0,0
245,133125,0,2,0,2,1.0986122886681098,40,0,0.0,0,0,1,0,0
246,133126,0,1,0,1,0.6931471805599453,44,0,0.0,0,0,0,0,0
247,133127,0,0,0,0,0.0,34,0,1.6,0,0,2,0,0
248,133128,0,0,0,0,0.0,44,0,1.9,0,0,1,0,0
249,133129,0,0,0,0,0.0,37,0,-3.3125,0,0,1,0,0
250,133130,0,1,0,1,0.6931471805599453,13,0,2.5,0,0,1,0,0
251,133131,0,1,0,1,0.6931471805599453,36,0,0.0,0,0,1,0,0
252,133132,1,1,0,2,1.0986122886681098,45,0,0.0,0,0,0,0,0
253,133133,5,13,1,19,2.995732273553991,14,0,3.22,0,0,1,0,1
254,133134,0,1,0,1,0.6931471805599453,37,0,-0.4399999999999999,0,0,1,0,0
255,133135,0,4,0,4,1.6094379124341003,40,0,0.0,0,0,1,0,0
256,133136,0,0,0,0,0.0,47,0,0.7000000000000002,0,0,1,0,0
257,133137,1,1,0,2,1.0986122886681098,26,0,0.0,0,0,1,0,0
258,133138,0,0,0,0,0.0,42,0,0.7000000000000002,0,0,1,0,0
259,133139,0,1,0,1,0.6931471805599453,26,0,0.0,0,0,1,0,0
260,133140,0,0,0,0,0.0,41,0,0.0,0,0,2,0,0
261,133141,0,0,0,0,0.0,32,0,0.7000000000000002,0,0,1,0,0
262,133142,1,0,0,1,0.6931471805599453,12,0,0.0,0,0,0,0,0
263,133143,0,0,0,0,0.0,26,0,1.6,0,0,1,0,0
264,133144,0,1,0,1,0.6931471805599453,31,0,0.0,0,0,1,0,0
265,133145,0,1,0,1,0.6931471805599453,44,0,0.0,0,0,0,0,0
266,133146,0,0,0,0,0.0,38,0,1.066666666666667,0,0,1,0,0
267,133147,0,2,0,2,1.0986122886681098,43,0,0.7000000000000002,0,0,1,0,0
268,133148,0,1,0,1,0.6931471805599453,50,0,0.0,0,0,0,0,0
269,133149,0,0,0,0,0.0,46,0,-3.3519,0,0,0,0,0
270,133150,0,0,0,0,0.0,17,0,0.0,0,0,0,0,0
271,133151,0,1,0,1,0.6931471805599453,10,0,0.0,0,0,0,0,0
272,133152,0,1,0,1,0.6931471805599453,8,0,0.0,0,0,0,0,0
273,133153,0,1,0,1,0.6931471805599453,12,0,0.0,0,0,0,0,0
274,133154,0,1,0,1,0.6931471805599453,12,0,0.0,0,0,1,0,0
275,133155,0,1,0,1,0.6931471805599453,12,0,0.0,0,0,0,0,0
276,133156,0,2,0,2,1.0986122886681098,8,0,0.0,0,0,0,0,0
277,133157,0,0,0,0,0.0,29,0,0.0,0,0,0,0,0
278,133158,0,1,0,1,0.6931471805599453,14,0,0.0,0,0,1,0,0
279,133159,0,0,0,0,0.0,30,0,0.5357000000000003,0,0,0,0,0
280,133160,0,1,0,1,0.6931471805599453,34,0,0.0,0,0,0,0,0
281,133161,0,1,0,1,0.6931471805599453,35,0,-3.26,0,0,2,0,0
282,133162,0,0,0,0,0.0,52,0,0.0,0,0,0,0,0
283,133163,0,3,0,3,1.3862943611198906,23,0,0.0,0,0,1,0,0
284,133164,0,1,0,1,0.6931471805599453,41,0,0.0,0,0,0,0,0
285,133165,0,0,0,0,0.0,3,0,0.0,0,0,0,0,0
286,133166,0,1,0,1,0.6931471805599453,4,0,0.0,0,0,1,0,0
287,133167,0,1,0,1,0.6931471805599453,7,0,0.0,0,0,0,0,0
288,133168,0,0,0,0,0.0,29,0,0.0,0,0,1,0,0
289,133169,1,0,0,1,0.6931471805599453,32,0,0.0,0,0,0,0,0
290,133170,0,1,0,1,0.6931471805599453,44,0,0.7000000000000002,0,0,1,0,0
291,133171,0,2,0,2,1.0986122886681098,34,0,-3.3125,0,0,2,0,0
292,133172,0,0,0,0,0.0,38,0,1.6,0,0,2,0,0
293,133173,0,0,0,0,0.0,43,0,-1.5714,0,0,1,0,0
294,133174,1,1,0,2,1.0986122886681098,38,0,0.0,0,0,0,0,0
295,133175,1,2,0,3,1.3862943611198906,24,0,0.0,0,0,1,0,0
296,133176,1,1,0,2,1.0986122886681098,23,0,0.0,0,0,0,0,0
297,133177,0,1,0,1,0.6931471805599453,36,0,0.0,0,0,0,0,0
298,133178,0,0,0,0,0.0,37,0,0.0,0,0,1,0,0
299,133179,0,0,0,0,0.0,25,0,0.7000000000000002,0,0,2,0,0
300,133180,0,1,1,2,1.0986122886681098,34,0,0.7000000000000002,0,1,1,0,1
301,133181,0,0,0,0,0.0,44,0,0.7000000000000002,0,0,1,0,0
302,133182,0,1,0,1,0.6931471805599453,40,0,-1.7143,0,0,0,0,0
303,133183,3,0,0,3,1.3862943611198906,18,0,0.0,0,0,1,0,0
304,133184,2,0,0,2,1.0986122886681098,18,0,0.0,0,0,1,0,0
305,133185,1,2,0,3,1.3862943611198906,10,0,0.0,0,0,1,0,0
306,133186,0,0,0,0,0.0,6,0,0.0,0,0,1,0,0
307,133187,0,1,0,1,0.6931471805599453,17,0,0.0,0,0,0,0,0
308,133188,0,1,0,1,0.6931471805599453,15,0,0.0,0,0,1,0,0
309,133189,0,1,0,1,0.6931471805599453,13,0,0.0,0,0,0,0,0
310,133190,0,0,0,0,0.0,10,0,0.0,0,0,0,0,0
311,133191,0,1,0,1,0.6931471805599453,30,0,0.0,0,0,1,0,0
312,133192,0,2,0,2,1.0986122886681098,28,0,0.7000000000000002,0,0,2,0,0
313,133193,0,0,0,0,0.0,22,0,0.0,0,0,0,0,0
314,133194,0,0,0,0,0.0,22,0,0.0,0,0,1,0,0
315,133195,0,1,1,2,1.0986122886681098,18,1,0.0,0,0,2,0,0
316,133196,0,0,0,0,0.0,6,0,0.0,0,0,0,0,0
317,133197,0,1,0,1,0.6931471805599453,11,0,0.0,0,0,1,0,0
318,133198,0,1,0,1,0.6931471805599453,21,0,0.0,0,0,0,0,0
319,133199,0,2,0,2,1.0986122886681098,14,0,0.0,0,0,1,0,0
320,133200,0,0,0,0,0.0,42,0,3.2855,0,0,0,0,0
321,133201,0,0,0,0,0.0,22,0,0.0,0,0,0,0,0
322,133202,0,4,0,4,1.6094379124341003,34,0,1.6,0,0,1,0,0
323,133203,0,4,0,4,1.6094379124341003,28,0,0.0,0,0,0,0,0
324,133204,0,2,0,2,1.0986122886681098,30,0,0.0,0,0,0,0,0
325,133205,0,2,0,2,1.0986122886681098,26,0,0.0,0,0,0,0,0
326,133206,0,2,0,2,1.0986122886681098,27,1,0.0,0,0,2,0,0
327,133207,0,0,0,0,0.0,37,0,0.7000000000000002,0,0,0,0,0
328,133208,0,3,0,3,1.3862943611198906,15,0,0.0,0,0,1,0,0
329,133209,0,0,0,0,0.0,16,0,0.0,0,0,1,0,0
330,133210,0,1,0,1,0.6931471805599453,25,0,0.0,0,0,1,0,0
331,133211,0,1,0,1,0.6931471805599453,27,0,0.0,0,0,2,0,0
332,133212,0,0,0,0,0.0,39,0,0.7000000000000002,0,0,1,0,0
333,133213,0,1,0,1,0.6931471805599453,39,0,-3.3125,0,0,0,0,0
334,133214,0,0,0,0,0.0,42,0,2.32815,0,0,1,0,0
335,133215,0,0,0,0,0.0,31,0,3.3929,0,0,1,0,0
336,133216,0,3,0,3,1.3862943611198906,8,0,0.0,0,0,0,0,0
337,133217,0,1,0,1,0.6931471805599453,15,0,0.0,0,0,1,0,0
338,133218,0,1,0,1,0.6931471805599453,17,0,0.0,0,0,0,0,0
339,133219,0,1,0,1,0.6931471805599453,41,0,1.6,0,0,1,0,0
340,133220,0,3,0,3,1.3862943611198906,41,0,0.0,0,0,1,0,0
341,133221,7,8,2,17,2.8903717578961645,14,0,0.0,0,0,1,0,0
342,133222,0,3,0,3,1.3862943611198906,41,0,0.0,0,0,0,0,0
343,133223,0,1,0,1,0.6931471805599453,20,0,0.0,0,0,2,0,0
344,133224,0,4,0,4,1.6094379124341003,7,0,0.0,0,0,0,0,0
345,133225,1,1,0,2,1.0986122886681098,6,0,0.0,0,0,1,0,0
346,133226,1,2,0,3,1.3862943611198906,17,0,0.0,0,0,0,0,0
347,133227,1,1,0,2,1.0986122886681098,15,0,0.0,0,0,1,0,0
348,133228,0,1,0,1,0.6931471805599453,13,0,0.0,0,0,0,0,0
349,133229,0,0,0,0,0.0,22,0,0.0,0,0,1,0,0
350,133230,0,2,0,2,1.0986122886681098,26,0,0.0,0,0,2,0,0
351,133231,0,0,0,0,0.0,30,0,0.0,0,0,0,1,0
352,133232,0,0,0,0,0.0,26,0,1.66,0,0,2,0,0
353,133233,0,0,0,0,0.0,43,0,2.04645,0,0,1,0,0
354,133234,0,1,0,1,0.6931471805599453,26,0,0.0,0,0,1,0,0
355,133235,0,2,0,2,1.0986122886681098,35,0,3.3929,0,0,1,0,0
356,133236,0,1,0,1,0.6931471805599453,36,0,0.7000000000000002,0,0,1,0,0
357,133237,1,1,0,2,1.0986122886681098,22,0,0.0,0,0,1,0,0
358,133238,0,1,0,1,0.6931471805599453,41,0,1.66,0,0,0,0,0
359,133239,0,1,0,1,0.6931471805599453,34,0,0.0,0,0,1,0,0
360,133240,0,0,0,0,0.0,44,0,1.6,0,0,1,0,0
361,133241,0,1,0,1,0.6931471805599453,24,0,1.6,0,0,1,0,0
362,133242,0,1,0,1,0.6931471805599453,48,0,0.0,0,0,0,0,0
363,133243,1,1,0,2,1.0986122886681098,38,0,0.0,0,0,1,0,0
364,133244,1,0,0,1,0.6931471805599453,18,0,0.0,0,0,1,0,0
365,133245,0,0,0,0,0.0,22,0,0.0,0,0,1,0,0
366,133246,0,1,0,1,0.6931471805599453,16,0,0.0,0,0,0,0,0
367,133247,0,0,0,0,0.0,42,0,1.6,0,0,2,0,0
368,133248,0,0,0,0,0.0,26,0,0.7000000000000002,0,0,1,0,0
369,133249,0,0,0,0,0.0,27,0,-3.29285,0,0,1,0,0
370,133250,1,1,0,2,1.0986122886681098,18,0,0.0,0,0,1,0,0
371,133251,1,1,0,2,1.0986122886681098,10,0,0.0,0,0,1,0,0
372,133252,2,0,0,2,1.0986122886681098,45,0,-3.1071,0,0,1,0,0
373,133253,1,0,0,1,0.6931471805599453,36,0,3.3929,0,0,1,0,0
374,133254,0,0,0,0,0.0,37,0,3.3929,0,0,1,0,0
375,133255,1,0,0,1,0.6931471805599453,6,0,0.0,0,0,1,0,0
376,133256,1,1,0,2,1.0986122886681098,17,0,0.0,0,0,0,0,0
377,133257,1,1,0,2,1.0986122886681098,15,0,0.0,0,0,1,0,0
378,133258,2,1,0,3,1.3862943611198906,13,0,0.0,0,0,0,0,0
379,133259,1,2,0,3,1.3862943611198906,41,0,1.6,0,0,2,0,0
380,133260,0,0,0,0,0.0,22,0,0.0,0,0,1,0,0
381,133261,0,1,0,1,0.6931471805599453,11,0,0.0,0,0,1,0,0
382,133262,0,0,0,0,0.0,15,0,0.0,0,0,0,0,0
383,133263,0,1,0,1,0.6931471805599453,11,0,0.0,0,0,1,0,0
384,133264,0,1,0,1,0.6931471805599453,36,0,-2.1786,0,0,1,0,0
385,133265,0,0,0,0,0.0,40,1,0.7000000000000002,0,0,0,0,0
386,133266,0,0,0,0,0.0,40,0,3.3929,0,0,0,0,0
387,133267,0,0,0,0,0.0,41,0,2.5211,0,0,1,0,0
388,133268,0,2,0,2,1.0986122886681098,26,0,0.0,0,0,1,0,0
389,133269,0,1,0,1,0.6931471805599453,19,0,0.0,0,0,1,0,0
390,133270,0,0,0,0,0.0,41,0,0.7000000000000002,0,0,1,0,0
391,133271,0,1,0,1,0.6931471805599453,12,0,0.0,0,0,0,0,0
392,133272,0,0,0,0,0.0,33,0,0.0,0,0,1,0,0
393,133273,0,0,0,0,0.0,42,0,2.04645,0,0,1,0,0
394,133274,0,0,0,0,0.0,14,0,0.0,0,0,1,0,0
395,133275,0,1,0,1,0.6931471805599453,20,0,0.0,0,0,1,0,0
396,133276,6,8,1,15,2.772588722239781,22,1,3.1452,0,1,2,0,1
397,133277,0,1,0,1,0.6931471805599453,21,0,3.3929,0,0,0,0,0
398,133278,0,1,0,1,0.6931471805599453,38,0,0.0,0,0,0,0,0
399,133279,0,1,0,1,0.6931471805599453,47,0,2.5,0,0,1,0,0
400,133280,0,0,0,0,0.0,41,0,2.5211,0,0,0,0,0
401,133281,0,1,0,1,0.6931471805599453,47,0,0.7000000000000002,0,0,0,0,0
402,133282,0,0,0,0,0.0,40,0,0.7000000000000002,0,0,2,0,0
403,133283,0,2,0,2,1.0986122886681098,25,0,0.0,0,0,2,0,0
404,133284,1,1,0,2,1.0986122886681098,28,0,0.0,0,0,1,0,0
405,133285,0,0,0,0,0.0,25,0,0.0,0,0,1,0,0
406,133286,0,3,0,3,1.3862943611198906,37,0,0.0,0,0,1,0,0
407,133287,0,0,0,0,0.0,6,0,0.0,0,0,1,0,0
408,133288,0,1,0,1,0.6931471805599453,17,0,0.0,0,0,0,0,0
409,133289,0,1,0,1,0.6931471805599453,15,0,0.0,0,0,1,0,0
410,133290,0,1,0,1,0.6931471805599453,13,0,0.0,0,0,0,0,0
411,133291,0,0,0,0,0.0,20,0,0.0,0,0,1,0,0
412,133292,0,0,0,0,0.0,42,0,2.5,0,0,1,0,0
413,133293,0,1,0,1,0.6931471805599453,37,0,-3.29515,0,0,1,0,0
414,133294,0,1,0,1,0.6931471805599453,19,0,0.0,0,0,1,0,0
415,133295,0,1,0,1,0.6931471805599453,47,0,0.0,0,0,0,0,0
416,133296,3,4,1,8,2.1972245773362196,20,1,0.0,0,1,2,0,1
417,133297,0,2,0,2,1.0986122886681098,30,0,0.0,0,0,0,0,0
418,133298,0,2,0,2,1.0986122886681098,26,0,0.0,0,0,0,0,0
419,133299,1,1,0,2,1.0986122886681098,26,0,0.0,0,0,1,0,0
420,133300,5,7,2,14,2.70805020110221,12,0,0.0,0,0,1,0,1
421,133301,1,3,0,4,1.6094379124341003,41,0,0.0,0,0,0,0,0
422,133302,0,1,0,1,0.6931471805599453,23,1,0.0,0,0,1,0,0
423,133303,1,1,0,2,1.0986122886681098,39,0,0.0,0,0,1,0,0
424,133304,0,0,0,0,0.0,46,0,3.3929,0,0,0,0,0
425,133305,2,2,0,4,1.6094379124341003,33,0,0.0,0,0,0,0,0
426,133306,0,2,0,2,1.0986122886681098,23,0,3.2855,0,0,0,0,0
427,133307,5,9,1,15,2.772588722239781,10,1,0.0,1,1,2,0,1
428,133308,0,2,0,2,1.0986122886681098,43,0,2.04645,0,0,0,0,0
429,133309,0,3,0,3,1.3862943611198906,43,0,0.0,0,0,0,0,0
430,133310,0,2,0,2,1.0986122886681098,37,0,3.3929,0,0,1,0,0
431,133311,2,0,0,2,1.0986122886681098,37,0,0.7000000000000002,0,0,1,0,0
432,133312,0,0,0,0,0.0,41,0,0.0,0,0,2,0,0
433,133313,0,2,0,2,1.0986122886681098,39,0,0.0,0,0,0,0,0
434,133314,0,0,0,0,0.0,15,0,0.0,0,0,1,0,0
435,133315,0,0,0,0,0.0,44,0,0.0,0,0,0,0,0
436,133316,0,0,0,0,0.0,51,0,0.0,0,0,0,0,0
437,133317,0,1,0,1,0.6931471805599453,27,0,0.0,0,0,1,0,0
438,133318,1,1,0,2,1.0986122886681098,38,0,0.0,0,0,0,0,0
439,133319,0,1,0,1,0.6931471805599453,23,1,0.0,0,0,1,0,0
440,133320,0,0,0,0,0.0,46,0,0.0,0,0,1,0,0
441,133321,1,0,0,1,0.6931471805599453,40,0,0.7000000000000002,0,0,1,0,0
442,133322,1,1,0,2,1.0986122886681098,39,0,0.0,0,0,0,0,0
443,133323,1,1,0,2,1.0986122886681098,37,0,0.0,0,0,1,0,0
444,133324,0,0,0,0,0.0,24,0,0.0,0,0,1,0,0
445,133325,0,2,0,2,1.0986122886681098,35,0,3.3929,0,0,0,0,0
446,133326,1,1,0,2,1.0986122886681098,12,0,0.0,0,0,0,0,0
447,133327,0,1,0,1,0.6931471805599453,5,0,0.0,0,0,1,0,0
448,133328,0,0,0,0,0.0,46,0,0.7000000000000002,0,0,1,0,0
449,133329,1,0,0,1,0.6931471805599453,18,0,0.0,0,0,2,0,0
450,133330,1,1,0,2,1.0986122886681098,10,0,0.0,0,0,0,0,0
451,133331,0,1,0,1,0.6931471805599453,5,1,0.0,0,0,0,0,0
452,133332,2,3,0,5,1.791759469228055,16,1,0.0,0,1,1,0,1
453,133333,1,1,0,2,1.0986122886681098,16,1,0.0,0,1,1,0,1
454,133334,1,2,0,3,1.3862943611198906,19,1,0.0,0,1,2,0,1
455,133335,6,9,0,15,2.772588722239781,19,0,3.9483,0,1,1,0,3
456,133336,0,0,0,0,0.0,33,0,2.52645,0,0,1,0,0
457,133337,0,0,0,0,0.0,17,0,0.0,0,0,0,0,0
458,133338,1,1,0,2,1.0986122886681098,15,0,0.0,0,0,1,0,0
459,133339,0,1,0,1,0.6931471805599453,13,0,0.0,0,0,0,0,0
460,133340,0,0,0,0,0.0,18,0,0.0,0,0,1,0,0
461,133341,1,1,0,2,1.0986122886681098,10,0,0.0,0,0,1,0,0
462,133342,6,3,0,9,2.302585092994046,10,1,0.0,0,0,1,0,0
463,133343,0,1,0,1,0.6931471805599453,30,0,0.0,0,0,1,0,0
464,133344,0,0,0,0,0.0,22,0,0.0,0,0,1,0,0
465,133345,0,0,0,0,0.0,26,0,0.0,0,0,1,0,0
466,133346,0,1,0,1,0.6931471805599453,37,0,0.0,0,0,0,0,0
467,133347,0,1,0,1,0.6931471805599453,36,0,2.5,0,0,1,0,0
468,133348,0,1,0,1,0.6931471805599453,32,0,-3.3125,0,0,0,0,0
469,133349,0,0,0,0,0.0,45,0,2.197633333333334,0,0,1,0,0
470,133350,0,1,0,1,0.6931471805599453,31,0,-3.1071,0,0,1,0,0
471,133351,1,0,0,1,0.6931471805599453,15,0,0.0,0,0,1,0,0
472,133352,1,1,0,2,1.0986122886681098,47,0,-3.3519,0,0,0,0,0
473,133353,0,0,0,0,0.0,18,0,0.0,0,0,1,0,0
474,133354,0,1,0,1,0.6931471805599453,10,0,0.0,0,0,1,0,0
475,133355,0,1,0,1,0.6931471805599453,14,0,0.0,0,0,0,0,0
476,133356,0,0,0,0,0.0,39,0,0.0,0,0,2,0,0
477,133357,0,0,0,0,0.0,20,0,0.0,0,0,2,1,0
478,133358,0,0,0,0,0.0,23,0,0.0,0,0,1,1,0
479,133359,0,1,0,1,0.6931471805599453,35,0,0.0,0,0,0,0,0
480,133360,1,0,0,1,0.6931471805599453,21,1,0.0,0,0,1,1,0
481,133361,0,1,0,1,0.6931471805599453,17,0,0.0,0,0,0,1,0
482,133362,0,0,0,0,0.0,15,0,0.0,0,0,1,0,0
483,133363,0,1,0,1,0.6931471805599453,17,0,0.0,0,0,0,0,0
484,133364,0,1,0,1,0.6931471805599453,23,0,0.0,0,0,0,0,0
485,133365,1,7,0,8,2.1972245773362196,15,0,0.0,0,0,1,0,0
486,133366,0,0,0,0,0.0,14,0,0.0,0,0,1,0,0
487,133367,1,1,1,3,1.3862943611198906,6,0,0.0,0,0,1,0,0
488,133368,0,0,0,0,0.0,18,0,0.0,0,0,1,0,0
489,133369,0,0,0,0,0.0,23,0,0.0,0,0,0,0,0
490,133370,2,2,0,4,1.6094379124341003,20,0,3.2855,0,0,0,0,0
491,133371,1,3,1,5,1.791759469228055,33,0,0.0,0,0,1,0,0
492,133372,1,1,0,2,1.0986122886681098,33,0,0.0,0,0,1,0,0
493,133373,0,1,0,1,0.6931471805599453,50,0,0.0,0,0,0,0,0
494,133374,0,4,0,4,1.6094379124341003,33,0,0.0,0,0,1,0,0
495,133375,2,0,0,2,1.0986122886681098,46,0,3.2855,0,0,0,0,0
496,133376,4,2,1,7,2.0794415416798357,9,0,0.0,0,1,1,0,1
497,133377,3,2,1,6,1.9459101490553132,18,0,2.3333,0,1,1,0,1
498,133378,1,1,0,2,1.0986122886681098,14,0,3.0714,0,1,1,0,2
499,133379,6,7,1,14,2.70805020110221,12,0,-2.78,0,1,1,0,1
500,133380,0,1,0,1,0.6931471805599453,14,1,-2.78,0,0,0,0,1
501,133381,0,2,0,2,1.0986122886681098,15,1,3.4677,0,0,0,0,0
502,133382,0,1,0,1,0.6931471805599453,9,0,0.0,0,0,0,0,0
503,133383,1,2,0,3,1.3862943611198906,17,0,-2.78,1,0,0,0,1
504,133384,0,4,0,4,1.6094379124341003,37,0,3.3929,0,0,1,0,0
505,133385,1,1,0,2,1.0986122886681098,26,0,0.0,0,0,1,0,0
506,133386,0,1,0,1,0.6931471805599453,18,0,0.0,0,0,1,0,0
507,133387,1,2,0,3,1.3862943611198906,25,0,0.7000000000000002,0,0,1,0,0
508,133388,2,2,0,4,1.6094379124341003,47,0,1.66,0,0,0,0,0
509,133389,3,1,0,4,1.6094379124341003,47,0,2.58,0,0,0,0,0
510,133390,0,3,0,3,1.3862943611198906,33,0,0.0,0,0,1,0,0
511,133391,1,4,0,5,1.791759469228055,8,0,0.0,0,0,0,0,0
512,133392,2,1,0,3,1.3862943611198906,34,0,0.7000000000000002,0,0,1,0,0
513,133393,2,3,0,5,1.791759469228055,26,0,1.6,0,0,2,0,0
514,133394,2,5,0,7,2.0794415416798357,41,0,0.0,0,0,0,0,0
515,133395,2,4,0,6,1.9459101490553132,44,0,0.7000000000000002,0,0,0,0,0
516,133396,0,2,0,2,1.0986122886681098,32,0,0.0,0,0,1,0,0
517,133397,2,2,0,4,1.6094379124341003,8,0,0.0,0,0,0,0,0
518,133398,1,2,0,3,1.3862943611198906,25,1,0.0,0,0,0,0,0
519,133399,1,1,0,2,1.0986122886681098,48,0,2.797633333333334,0,0,1,0,0
520,133400,0,2,0,2,1.0986122886681098,27,0,0.0,0,0,0,0,0
521,133401,0,2,0,2,1.0986122886681098,6,0,0.0,0,0,1,0,0
522,133402,2,4,0,6,1.9459101490553132,48,0,1.255375,0,0,1,0,0
523,133403,2,6,0,8,2.1972245773362196,33,0,-3.1154,0,0,0,0,0
524,133404,0,0,0,0,0.0,12,0,0.0,0,0,1,0,0
525,133405,1,1,0,2,1.0986122886681098,24,0,0.0,0,0,0,0,0
526,133406,1,1,0,2,1.0986122886681098,39,0,1.6,0,0,1,0,0
527,133407,1,3,0,4,1.6094379124341003,42,0,0.0,0,0,0,0,0
528,133408,1,0,0,1,0.6931471805599453,42,0,0.0,0,0,1,0,0
529,133409,1,1,0,2,1.0986122886681098,27,0,0.0,0,0,1,0,0
530,133410,0,1,0,1,0.6931471805599453,14,0,0.0,0,0,0,0,0
531,133411,0,1,0,1,0.6931471805599453,44,0,0.0,0,0,1,0,0
532,133412,0,0,0,0,0.0,6,0,0.0,0,0,0,0,0
533,133413,0,1,0,1,0.6931471805599453,17,0,0.0,0,0,0,0,0
534,133414,0,1,0,1,0.6931471805599453,15,0,0.0,0,0,1,0,0
535,133415,0,1,0,1,0.6931471805599453,13,0,0.0,0,0,0,0,0
536,133416,1,0,0,1,0.6931471805599453,42,0,2.52645,0,0,2,0,0
537,133417,0,0,0,0,0.0,23,0,0.0,0,0,2,0,0
538,133418,0,3,0,3,1.3862943611198906,41,0,3.3929,0,0,0,0,0
539,133419,0,1,0,1,0.6931471805599453,41,0,1.6,0,0,1,0,0
540,133420,0,4,0,4,1.6094379124341003,33,0,3.9483,0,0,0,0,0
541,133421,1,1,0,2,1.0986122886681098,37,0,0.0,0,0,0,0,0
542,133422,1,1,0,2,1.0986122886681098,31,0,-3.3125,0,0,0,0,0
543,133423,5,12,1,18,2.9444389791664403,14,1,2.318466666666667,0,1,2,0,2
544,133424,0,2,0,2,1.0986122886681098,29,0,0.0,0,0,0,0,0
545,133425,0,2,0,2,1.0986122886681098,42,0,1.6,0,0,0,0,0
546,133426,0,1,0,1,0.6931471805599453,40,0,0.0,0,0,0,0,0
547,133427,0,2,0,2,1.0986122886681098,13,0,0.0,0,0,1,0,0
548,133428,0,0,0,0,0.0,31,0,3.2586,0,0,2,0,0
549,133429,0,0,0,0,0.0,40,0,0.0,0,0,2,0,0
550,133430,0,2,0,2,1.0986122886681098,37,0,2.5211,0,0,0,0,0
551,133431,0,1,0,1,0.6931471805599453,43,0,0.7000000000000002,0,0,0,0,0
552,133432,0,1,0,1,0.6931471805599453,36,0,0.0,0,0,2,0,0
553,133433,1,0,0,1,0.6931471805599453,51,0,0.7000000000000002,0,0,0,0,0
554,133434,0,4,0,4,1.6094379124341003,26,0,0.0,0,0,1,0,0
555,133435,1,2,1,4,1.6094379124341003,6,1,0.0,0,0,0,0,0
556,133436,6,4,2,12,2.5649493574615367,15,0,0.0,0,1,2,0,0
557,133437,4,1,1,6,1.9459101490553132,24,0,2.7227,0,1,2,0,0
558,133438,6,6,2,14,2.70805020110221,24,1,2.8969,0,0,0,0,3
559,133439,2,3,0,5,1.791759469228055,39,0,0.0,0,0,1,0,0
560,133440,3,1,0,4,1.6094379124341003,23,0,3.2855,0,0,1,0,0
561,133441,1,1,0,2,1.0986122886681098,43,0,0.0,0,0,0,0,0
562,133442,1,1,0,2,1.0986122886681098,47,0,-1.5714,0,0,0,0,0
563,133443,1,3,0,4,1.6094379124341003,15,0,0.0,0,0,1,0,0
564,133444,0,1,0,1,0.6931471805599453,35,0,3.2855,0,0,0,0,0
565,133445,0,2,0,2,1.0986122886681098,30,0,0.0,0,0,1,0,0
566,133446,0,0,0,0,0.0,40,0,-3.1071,0,0,2,0,0
567,133447,1,2,0,3,1.3862943611198906,40,0,3.3929,0,0,0,0,0
568,133448,0,0,0,0,0.0,18,0,0.0,0,0,1,0,0
569,133449,0,2,0,2,1.0986122886681098,10,0,0.0,0,0,1,0,0
570,133450,0,1,0,1,0.6931471805599453,18,0,0.0,0,0,1,0,0
571,133451,1,2,0,3,1.3862943611198906,10,0,0.0,0,0,1,0,0
572,133452,0,0,0,0,0.0,33,0,0.0,0,0,1,0,0
573,133453,1,0,0,1,0.6931471805599453,24,0,0.0,0,0,0,0,0
574,133454,1,1,0,2,1.0986122886681098,38,0,2.5,0,0,0,0,0
575,133455,1,1,0,2,1.0986122886681098,36,0,0.0,0,0,2,0,0
576,133456,0,0,0,0,0.0,11,0,0.0,0,0,0,0,0
577,133457,0,1,0,1,0.6931471805599453,9,0,0.0,0,0,0,0,0
578,133458,1,1,0,2,1.0986122886681098,13,0,0.0,0,0,0,0,0
579,133459,0,1,0,1,0.6931471805599453,44,0,2.5,0,0,1,0,0
580,133460,0,6,0,6,1.9459101490553132,16,0,0.0,0,0,1,0,0
581,133461,0,3,0,3,1.3862943611198906,43,0,0.0,0,0,0,0,0
582,133462,0,0,0,0,0.0,40,0,0.0,0,0,2,0,0
583,133463,1,2,0,3,1.3862943611198906,15,0,0.0,0,0,1,0,0
584,133464,0,1,0,1,0.6931471805599453,7,0,0.0,0,0,0,0,0
585,133465,0,0,0,0,0.0,12,0,0.0,0,0,0,0,0
586,133466,0,2,0,2,1.0986122886681098,11,0,0.0,0,0,0,0,0
587,133467,0,2,0,2,1.0986122886681098,14,0,0.0,0,0,0,0,0
588,133468,0,0,0,0,0.0,15,0,0.0,0,0,1,0,0
589,133469,0,1,0,1,0.6931471805599453,13,0,0.0,0,0,0,0,0
590,133470,1,1,0,2,1.0986122886681098,7,0,0.0,0,0,1,0,0
591,133471,7,8,1,16,2.833213344056216,11,0,3.566700000000001,0,0,1,0,2
592,133472,2,2,0,4,1.6094379124341003,12,1,0.0,0,0,1,0,0
593,133473,0,0,0,0,0.0,17,0,0.0,0,0,1,1,0
594,133474,1,1,1,3,1.3862943611198906,15,0,0.0,0,0,0,1,0
595,133475,2,3,0,5,1.791759469228055,44,0,0.0,0,0,2,0,0
596,133476,0,1,0,1,0.6931471805599453,12,0,0.0,0,0,1,0,0
597,133477,0,1,0,1,0.6931471805599453,12,0,0.0,0,0,0,0,0
598,133478,0,2,0,2,1.0986122886681098,11,0,0.0,0,0,0,0,0
599,133479,1,0,0,1,0.6931471805599453,15,0,0.0,0,0,1,1,0
600,133480,4,5,1,10,2.3978952727983707,27,1,2.2202,0,1,2,0,0
601,133481,1,2,0,3,1.3862943611198906,16,0,0.0,0,0,1,0,0
602,133482,3,1,2,6,1.9459101490553132,37,0,0.0,0,0,1,0,0
603,133483,0,1,0,1,0.6931471805599453,42,0,0.0,0,0,0,0,0
604,133484,1,2,1,4,1.6094379124341003,25,0,0.0,0,0,1,0,0
605,133485,0,0,0,0,0.0,21,0,0.0,0,0,1,1,0
606,133486,0,2,0,2,1.0986122886681098,13,0,0.0,0,0,0,1,0
607,133487,0,4,0,4,1.6094379124341003,11,0,0.0,0,0,0,1,0
608,133488,0,0,0,0,0.0,15,0,0.0,0,0,1,1,0
609,133489,0,1,0,1,0.6931471805599453,22,0,0.0,0,0,0,1,0
610,133490,0,1,0,1,0.6931471805599453,10,0,0.0,0,0,1,0,0
611,133491,0,0,0,0,0.0,33,0,0.0,0,0,1,0,0
612,133492,3,1,0,4,1.6094379124341003,43,0,-1.7143,0,0,0,0,0
613,133493,0,1,0,1,0.6931471805599453,33,0,0.0,0,0,1,0,0
614,133494,0,2,0,2,1.0986122886681098,42,0,0.0,0,0,0,0,0
615,133495,2,1,0,3,1.3862943611198906,33,0,0.0,0,0,1,0,0
616,133496,1,2,1,4,1.6094379124341003,28,0,0.0,0,0,0,1,0
617,133497,0,1,0,1,0.6931471805599453,19,0,0.0,0,0,1,0,0
618,133498,2,5,0,7,2.0794415416798357,8,1,0.0,0,0,0,0,0
619,133499,4,2,0,6,1.9459101490553132,16,1,2.71215,0,1,2,0,0
620,133500,3,1,0,4,1.6094379124341003,16,0,3.26455,0,1,2,0,1
621,133501,20,7,2,29,3.4011973816621555,26,1,3.29,0,1,1,0,1
622,133502,0,1,0,1,0.6931471805599453,17,0,0.0,0,0,2,1,0
623,133503,0,2,0,2,1.0986122886681098,13,0,0.0,0,0,0,1,0
624,133504,14,15,4,33,3.5263605246161616,15,0,0.7000000000000002,0,0,1,0,0
625,133505,1,2,0,3,1.3862943611198906,39,0,1.6,0,0,2,0,0
626,133506,2,0,0,2,1.0986122886681098,26,0,1.6,0,0,1,0,0
627,133507,1,3,0,4,1.6094379124341003,26,0,0.0,0,0,1,0,0
628,133508,1,1,0,2,1.0986122886681098,40,0,0.0,0,0,0,0,0
629,133509,2,0,0,2,1.0986122886681098,39,0,0.7000000000000002,0,0,1,0,0
630,133510,1,0,0,1,0.6931471805599453,14,0,0.0,0,0,0,1,0
631,133511,1,1,1,3,1.3862943611198906,42,0,2.94645,0,0,1,1,0
632,133512,1,1,0,2,1.0986122886681098,39,0,2.5,0,0,1,1,0
633,133513,8,8,1,17,2.8903717578961645,11,0,0.0,0,0,1,0,1
634,133514,3,5,1,9,2.302585092994046,21,0,0.0,0,0,1,0,0
635,133515,11,24,2,37,3.6375861597263857,14,0,0.0,0,0,1,0,1
636,133516,1,2,0,3,1.3862943611198906,2,1,2.86,0,0,0,0,0
637,133517,5,3,1,9,2.302585092994046,16,0,0.0,0,1,1,0,1
638,133518,2,1,1,4,1.6094379124341003,10,1,2.42,0,1,2,0,1
639,133519,3,1,1,5,1.791759469228055,15,1,2.38,0,1,2,0,1
640,133520,15,7,2,24,3.2188758248682006,16,0,0.0,0,1,1,0,3
641,133521,16,17,2,35,3.58351893845611,19,0,3.3259,0,1,2,0,1
642,133524,14,20,3,37,3.6375861597263857,25,1,3.7075,0,1,2,1,1
643,133525,13,18,2,33,3.5263605246161616,8,0,0.0,0,1,2,0,1
644,133526,8,10,2,20,3.044522437723423,27,0,2.38,0,1,2,1,1
645,133527,2,3,0,5,1.791759469228055,5,1,0.0,0,0,0,0,0
646,133528,10,8,1,19,2.995732273553991,10,0,2.9643,0,1,1,0,1
647,133529,1,1,0,2,1.0986122886681098,11,0,0.0,0,1,1,0,1
648,133530,0,1,0,1,0.6931471805599453,12,1,1.58,0,1,2,0,1
649,133531,0,4,0,4,1.6094379124341003,10,1,0.0,0,1,1,0,1
650,133532,23,14,4,41,3.7376696182833684,15,0,2.7188,0,1,1,0,3
651,133535,8,6,1,15,2.772588722239781,14,1,3.566700000000001,1,0,0,0,0
652,133536,3,5,0,8,2.1972245773362196,4,1,0.0,0,0,0,0,0
653,133537,15,6,2,23,3.1780538303479458,10,0,0.0,0,1,1,0,0
654,133538,6,28,0,34,3.5553480614894135,20,0,2.63605,0,1,2,0,0
655,133539,2,5,0,7,2.0794415416798357,4,1,0.0,0,0,1,0,0
656,133540,4,20,0,24,3.2188758248682006,13,1,0.5408,0,0,0,0,0
657,133541,9,16,1,26,3.295836866004329,9,0,0.0,0,1,2,0,0
658,133542,20,22,1,43,3.784189633918261,10,0,0.0,0,0,1,0,0
659,133543,2,5,0,7,2.0794415416798357,17,1,2.802233333333334,0,0,0,0,1
660,133544,4,9,1,14,2.70805020110221,25,0,3.566700000000001,1,1,2,0,2
661,133545,2,7,0,9,2.302585092994046,5,1,0.0,0,0,0,0,0
662,133546,9,15,1,25,3.258096538021482,15,1,2.6627,0,1,1,0,1
663,133547,5,3,0,8,2.1972245773362196,9,1,0.0,0,1,2,0,1
664,133548,4,4,0,8,2.1972245773362196,14,0,0.0,0,1,2,0,1
665,133549,13,22,0,35,3.58351893845611,30,0,-1.58,0,1,1,0,2
666,133550,5,26,2,33,3.5263605246161616,9,1,0.0,0,0,0,0,1
667,133551,8,9,3,20,3.044522437723423,6,1,0.0,0,0,0,0,1
668,133552,7,29,0,36,3.6109179126442243,12,1,-0.1833499999999999,0,0,0,0,1
669,133554,14,19,1,34,3.5553480614894135,21,0,0.0,0,1,2,0,1
670,133555,8,27,3,38,3.6635616461296463,26,0,2.3854,0,1,2,0,1
671,133556,10,24,2,36,3.6109179126442243,27,0,3.38415,0,1,2,0,4
672,133557,9,23,2,34,3.5553480614894135,5,0,0.0,0,0,0,0,0
673,133559,21,17,1,39,3.6888794541139363,19,1,0.0,0,1,1,0,1
674,133560,14,20,2,36,3.6109179126442243,32,0,3.6333,0,1,1,0,1
675,133561,32,11,1,44,3.8066624897703196,35,0,3.61385,0,1,2,0,2
676,133562,18,34,1,53,3.9889840465642745,21,0,3.179066666666666,0,1,1,0,1
677,133564,6,11,0,17,2.8903717578961645,16,1,2.86,0,0,0,0,0
678,133565,12,6,3,21,3.091042453358316,27,0,3.54315,0,1,1,0,0
679,133566,7,1,0,8,2.1972245773362196,41,0,3.02,0,1,1,0,0
680,133567,6,2,0,8,2.1972245773362196,23,0,0.0,0,1,1,0,0
681,133568,11,14,1,26,3.295836866004329,16,1,3.2295,0,0,0,0,1
682,133569,13,10,1,24,3.2188758248682006,18,0,3.9483,0,1,2,0,1
683,133570,8,11,0,19,2.995732273553991,14,0,0.0,0,0,0,0,1
684,133571,9,9,1,19,2.995732273553991,40,0,3.1071,0,1,1,0,0
685,133572,3,1,0,4,1.6094379124341003,46,0,3.58415,0,1,1,0,0
686,133573,10,8,1,19,2.995732273553991,18,0,3.638999999999999,0,0,0,0,1
687,133575,2,6,0,8,2.1972245773362196,14,1,0.0,0,0,0,0,1
688,133576,8,7,1,16,2.833213344056216,39,0,3.2867,0,1,1,0,0
689,133577,4,1,0,5,1.791759469228055,30,0,2.3214,0,1,1,0,0
690,133578,1,1,0,2,1.0986122886681098,14,0,0.0,0,1,1,0,0
691,133579,8,10,0,18,2.9444389791664403,19,0,3.638999999999999,0,0,0,0,1
692,133580,6,11,0,17,2.8903717578961645,10,1,0.0,0,0,0,0,1
693,133581,9,7,1,17,2.8903717578961645,43,0,0.0,0,1,1,0,0
694,133582,3,1,0,4,1.6094379124341003,39,0,3.2,0,1,1,0,0
695,133583,7,2,1,10,2.3978952727983707,12,0,3.9483,0,1,1,0,0
696,133584,10,6,0,16,2.833213344056216,17,0,3.638999999999999,0,0,0,0,1
697,133585,5,5,0,10,2.3978952727983707,19,0,0.0,0,0,0,0,1
698,133586,4,5,1,10,2.3978952727983707,44,0,3.3,0,1,1,0,0
699,133587,1,1,1,3,1.3862943611198906,47,0,0.0,0,1,1,0,0
700,133588,11,9,2,22,3.1354942159291497,14,0,3.638999999999999,0,1,1,0,1
701,133589,4,21,2,27,3.332204510175204,39,0,0.0,0,0,0,0,0
702,133591,38,27,5,70,4.2626798770413155,35,0,3.746266666666667,0,1,2,0,1
703,133592,54,22,5,81,4.406719247264253,31,0,0.0,0,2,1,1,1
704,133593,77,33,9,119,4.787491742782046,18,0,3.7575,0,1,2,0,1
705,133594,128,73,13,214,5.3706380281276624,13,0,3.7667,0,1,1,0,1
706,133595,331,572,55,958,6.8658910748834385,17,0,0.0,2,1,2,1,0
707,133596,221,74,22,317,5.762051382780177,22,0,0.0,0,1,1,0,0
708,133597,369,210,39,618,6.428105272684596,0,0,0.0,0,1,1,1,1
709,133598,469,833,101,1403,7.247080584585756,28,1,2.0938,2,0,1,1,1
710,133600,644,1115,139,1898,7.549082710812286,23,0,0.0,2,0,2,1,0
711,133601,423,791,83,1297,7.168579897264035,17,0,0.0,2,0,2,1,1
712,133602,521,878,113,1512,7.321849713788356,23,0,0.0,2,0,2,1,0
713,133603,385,681,70,1136,7.036148493750536,24,0,0.0,2,0,2,1,1
714,133604,499,822,94,1415,7.255591274253665,35,0,3.7667,3,0,2,1,0
715,133605,757,1274,148,2179,7.687080155783135,19,0,0.0,3,0,1,1,0
716,133606,395,583,71,1049,6.956545443151569,14,0,0.0,2,0,2,1,0
717,133607,593,824,93,1510,7.32052696227274,21,0,0.0,2,1,2,1,0
718,133609,120,126,21,267,5.5909869805108565,30,0,0.0,3,0,2,2,0
719,133610,110,90,22,222,5.407171771460119,28,0,2.9643,2,0,2,2,0
720,133614,202,26,23,251,5.529429087511423,25,0,3.2642,1,0,2,1,1
721,133616,74,49,11,134,4.90527477843843,34,0,0.0,2,0,2,1,0
722,133617,27,12,0,39,3.6888794541139363,17,0,3.784149999999999,0,0,1,1,0
723,133618,31,23,5,59,4.0943445622221,29,0,3.705399999999999,2,0,2,1,0
724,133619,31,20,10,61,4.127134385045092,20,0,2.5,2,0,2,1,1
725,133620,29,22,6,57,4.060443010546419,26,1,0.0,3,0,2,1,0
726,133622,33,30,5,68,4.23410650459726,31,1,0.0,2,0,1,1,0
727,133623,35,24,4,63,4.1588830833596715,18,0,0.0,2,0,2,1,0
728,133624,48,37,10,95,4.564348191467836,28,0,0.0,2,0,2,1,0
729,133625,55,41,8,104,4.653960350157523,32,0,0.0,3,0,2,1,1
730,133626,38,17,5,60,4.110873864173311,19,0,0.0,2,0,2,1,0
731,133628,46,12,7,65,4.189654742026425,19,1,2.71968,0,0,1,1,0
732,133630,35,21,5,61,4.127134385045092,24,0,3.15625,0,1,2,0,0
733,133631,35,35,3,73,4.30406509320417,21,0,0.0,0,1,2,0,1
734,133633,31,20,5,56,4.04305126783455,44,0,1.854133333333333,0,1,1,0,2
735,133634,55,21,10,86,4.465908118654584,38,0,0.0,0,0,1,3,0
736,133635,493,32,38,563,6.335054251498059,38,1,0.0,0,1,1,0,2
737,133636,202,36,25,263,5.575949103146316,38,0,0.7000000000000002,1,1,1,1,1
738,133637,2171,80,223,2474,7.813995675002791,32,1,1.02,0,1,1,0,1
739,133638,19,17,1,37,3.6375861597263857,25,0,3.0125,0,1,1,0,2
740,133639,27,21,5,53,3.9889840465642745,29,0,2.7845,1,1,1,0,1
741,133640,12,20,4,36,3.6109179126442243,12,1,3.3929,0,0,0,0,2
742,133641,242,55,21,318,5.765191102784844,23,1,3.3333,0,1,1,0,2
743,133642,17,20,3,40,3.713572066704308,19,1,0.0,0,1,1,0,3
744,133643,13,19,2,34,3.5553480614894135,21,1,-3.06,1,1,1,0,1
745,133644,11,19,1,31,3.4657359027997265,26,0,2.58325,1,1,1,0,2
746,133645,476,51,62,589,6.380122536899765,21,0,2.82,0,1,1,0,1
747,133646,368,35,59,462,6.137727054086234,31,1,3.39335,0,0,1,0,3
748,133647,435,44,55,534,6.282266746896006,29,1,3.31275,0,1,1,1,2
749,133648,753,75,72,900,6.803505257608338,28,0,3.0484,0,1,2,0,0
750,133649,3,15,0,18,2.9444389791664403,24,0,2.01775,0,0,0,0,0
751,133650,7,9,1,17,2.8903717578961645,29,1,0.4687999999999999,1,0,0,0,0
752,133651,3,12,1,16,2.833213344056216,9,1,3.7667,0,0,0,0,0
753,133652,3,7,1,11,2.4849066497880004,17,1,0.0,1,0,1,0,1
754,133653,5,20,1,26,3.295836866004329,26,0,0.2407000000000001,0,1,2,0,1
755,133654,18,17,0,35,3.58351893845611,33,0,0.0,1,1,1,1,1
756,133655,5,26,0,31,3.4657359027997265,28,0,3.4907,1,1,2,0,1
757,133657,558,55,47,660,6.493753839851686,22,1,2.62352,0,1,1,0,1
758,133658,709,52,81,842,6.736966958001855,27,1,2.5,0,1,2,0,2
759,133661,11,13,0,24,3.2188758248682006,27,1,0.0,0,1,2,0,2
760,133662,15,17,2,34,3.5553480614894135,15,0,0.0,0,1,2,0,2
761,133663,14,17,2,33,3.5263605246161616,34,1,0.0,0,1,2,0,1
762,133664,8,11,0,19,2.995732273553991,22,1,2.85285,1,1,2,0,1
763,133665,11,12,0,23,3.1780538303479458,21,0,3.12645,1,1,2,0,1
764,133666,11,13,0,24,3.2188758248682006,3,0,0.0,1,0,1,0,1
765,133667,4,10,0,14,2.70805020110221,21,0,3.5277,1,1,1,3,1
766,133669,8,15,2,25,3.258096538021482,26,1,3.705399999999999,0,1,2,0,1
